"AlbumId","TrackName","DurationMs","DurationMin","Popularity"
"7zCODUHkfuRxsUjtuzNqbd","High For This","249102","4,15","69"
"7zCODUHkfuRxsUjtuzNqbd","What You Need","206421","3,44","75"
"7zCODUHkfuRxsUjtuzNqbd","House Of Balloons / Glass Table Girls","407315","6,79","80"
"7zCODUHkfuRxsUjtuzNqbd","The Morning","314109","5,24","77"
"7zCODUHkfuRxsUjtuzNqbd","Wicked Games","325305","5,42","73"
"7zCODUHkfuRxsUjtuzNqbd","The Party & The After Party","459659","7,66","80"
"7zCODUHkfuRxsUjtuzNqbd","Coming Down","295435","4,92","81"
"7zCODUHkfuRxsUjtuzNqbd","Loft Music","363057","6,05","62"
"7zCODUHkfuRxsUjtuzNqbd","The Knowing","342828","5,71","60"
"2XGEyGU76kj55OdHWynX0S","High For This","249102","4,15","54"
"2XGEyGU76kj55OdHWynX0S","What You Need","206421","3,44","54"
"2XGEyGU76kj55OdHWynX0S","House Of Balloons / Glass Table Girls","407315","6,79","57"
"2XGEyGU76kj55OdHWynX0S","The Morning","314109","5,24","63"
"2XGEyGU76kj55OdHWynX0S","Wicked Games","325305","5,42","57"
"2XGEyGU76kj55OdHWynX0S","The Party & The After Party","459659","7,66","58"
"2XGEyGU76kj55OdHWynX0S","Coming Down","295435","4,92","58"
"2XGEyGU76kj55OdHWynX0S","Loft Music","363057","6,05","52"
"2XGEyGU76kj55OdHWynX0S","The Knowing","342828","5,71","51"
"2XGEyGU76kj55OdHWynX0S","Twenty Eight","258293","4,3","62"
"2XGEyGU76kj55OdHWynX0S","Lonely Star","349032","5,82","52"
"2XGEyGU76kj55OdHWynX0S","Life Of The Party","296286","4,94","53"
"2XGEyGU76kj55OdHWynX0S","Thursday","320004","5,33","50"
"2XGEyGU76kj55OdHWynX0S","The Zone","418056","6,97","55"
"2XGEyGU76kj55OdHWynX0S","The Birds Pt. 1","214515","3,58","54"
"2XGEyGU76kj55OdHWynX0S","The Birds Pt. 2","350583","5,84","59"
"2XGEyGU76kj55OdHWynX0S","Gone","486425","8,11","51"
"2XGEyGU76kj55OdHWynX0S","Rolling Stone","230783","3,85","50"
"2XGEyGU76kj55OdHWynX0S","Heaven Or Las Vegas","353732","5,9","47"
"2XGEyGU76kj55OdHWynX0S","Valerie","286599","4,78","58"
"2ODvWsOgouMbaA5xf0RkJe","Starboy","230453","3,84","91"
"2ODvWsOgouMbaA5xf0RkJe","Party Monster","249213","4,15","80"
"2ODvWsOgouMbaA5xf0RkJe","False Alarm","220306","3,67","66"
"2ODvWsOgouMbaA5xf0RkJe","Reminder","218880","3,65","84"
"2ODvWsOgouMbaA5xf0RkJe","Rockin’","232880","3,88","65"
"2ODvWsOgouMbaA5xf0RkJe","Secrets","265600","4,43","67"
"2ODvWsOgouMbaA5xf0RkJe","True Colors","206013","3,43","63"
"2ODvWsOgouMbaA5xf0RkJe","Stargirl Interlude","111640","1,86","76"
"2ODvWsOgouMbaA5xf0RkJe","Sidewalks","231360","3,86","75"
"2ODvWsOgouMbaA5xf0RkJe","Six Feet Under","237573","3,96","68"
"2ODvWsOgouMbaA5xf0RkJe","Love To Lay","223293","3,72","61"
"2ODvWsOgouMbaA5xf0RkJe","A Lonely Night","220173","3,67","65"
"2ODvWsOgouMbaA5xf0RkJe","Attention","197653","3,29","63"
"2ODvWsOgouMbaA5xf0RkJe","Ordinary Life","221920","3,7","63"
"2ODvWsOgouMbaA5xf0RkJe","Nothing Without You","198653","3,31","60"
"2ODvWsOgouMbaA5xf0RkJe","All I Know","321026","5,35","63"
"2ODvWsOgouMbaA5xf0RkJe","Die For You","260252","4,34","82"
"2ODvWsOgouMbaA5xf0RkJe","I Feel It Coming","269186","4,49","79"
"4yP0hdKOZPNshxUOjY0cZj","Alone Again","250053","4,17","67"
"4yP0hdKOZPNshxUOjY0cZj","Too Late","239973","4","67"
"4yP0hdKOZPNshxUOjY0cZj","Hardest To Love","211400","3,52","67"
"4yP0hdKOZPNshxUOjY0cZj","Scared To Live","191306","3,19","65"
"4yP0hdKOZPNshxUOjY0cZj","Snowchild","247186","4,12","65"
"4yP0hdKOZPNshxUOjY0cZj","Escape From LA","355960","5,93","68"
"4yP0hdKOZPNshxUOjY0cZj","Heartless","198266","3,3","80"
"4yP0hdKOZPNshxUOjY0cZj","Faith","283226","4,72","69"
"4yP0hdKOZPNshxUOjY0cZj","Blinding Lights","200040","3,33","91"
"4yP0hdKOZPNshxUOjY0cZj","In Your Eyes","237520","3,96","78"
"4yP0hdKOZPNshxUOjY0cZj","Save Your Tears","215626","3,59","88"
"4yP0hdKOZPNshxUOjY0cZj","Repeat After Me (Interlude)","195813","3,26","64"
"4yP0hdKOZPNshxUOjY0cZj","After Hours","361026","6,02","83"
"4yP0hdKOZPNshxUOjY0cZj","Until I Bleed Out","190173","3,17","63"
"3OxfaVgvTxUTy7276t7SPU","Wake Me Up (feat. Justice)","308575","5,14","76"
"3OxfaVgvTxUTy7276t7SPU","Cry For Me","224136","3,74","88"
"3OxfaVgvTxUTy7276t7SPU","I Can't Fucking Sing","12288","0,2","23"
"3OxfaVgvTxUTy7276t7SPU","São Paulo (feat. Anitta)","301623","5,03","88"
"3OxfaVgvTxUTy7276t7SPU","Until We're Skin & Bones","22033","0,37","27"
"3OxfaVgvTxUTy7276t7SPU","Baptized In Fear","232176","3,87","78"
"3OxfaVgvTxUTy7276t7SPU","Open Hearts","234923","3,92","79"
"3OxfaVgvTxUTy7276t7SPU","Opening Night","96024","1,6","73"
"3OxfaVgvTxUTy7276t7SPU","Reflections Laughing (feat. Travis Scott, Florence + The Machine)","291192","4,85","77"
"3OxfaVgvTxUTy7276t7SPU","Enjoy The Show (feat. Future)","301428","5,02","75"
"3OxfaVgvTxUTy7276t7SPU","Given Up On Me","354781","5,91","74"
"3OxfaVgvTxUTy7276t7SPU","I Can't Wait To Get There","188921","3,15","74"
"3OxfaVgvTxUTy7276t7SPU","Timeless (feat Playboi Carti)","256000","4,27","95"
"3OxfaVgvTxUTy7276t7SPU","Niagara Falls","277274","4,62","77"
"3OxfaVgvTxUTy7276t7SPU","Take Me Back To LA","253734","4,23","75"
"3OxfaVgvTxUTy7276t7SPU","Big Sleep (feat. Giorgio Moroder)","225312","3,76","70"
"3OxfaVgvTxUTy7276t7SPU","Give Me Mercy","216431","3,61","71"
"3OxfaVgvTxUTy7276t7SPU","Drive","188645","3,14","72"
"3OxfaVgvTxUTy7276t7SPU","The Abyss (feat. Lana Del Rey)","282873","4,71","79"
"3OxfaVgvTxUTy7276t7SPU","Red Terror","231860","3,86","70"
"0MV1yCXcNNQBfwApqAVkH0","Ghostface Killers (feat. Travis Scott)","268933","4,48","70"
"0MV1yCXcNNQBfwApqAVkH0","Rap Saved Me (feat. Quavo)","257600","4,29","67"
"0MV1yCXcNNQBfwApqAVkH0","Ric Flair Drip (with Metro Boomin)","172800","2,88","82"
"0MV1yCXcNNQBfwApqAVkH0","My Choppa Hate Niggas","148640","2,48","68"
"0MV1yCXcNNQBfwApqAVkH0","Nightmare","147986","2,47","57"
"0MV1yCXcNNQBfwApqAVkH0","Mad Stalkers","202666","3,38","63"
"0MV1yCXcNNQBfwApqAVkH0","Disrespectful","160320","2,67","58"
"0MV1yCXcNNQBfwApqAVkH0","Run Up the Racks","189800","3,16","54"
"0MV1yCXcNNQBfwApqAVkH0","Still Serving","231786","3,86","56"
"0MV1yCXcNNQBfwApqAVkH0","Darth Vader","228893","3,81","55"
"7txGsnDSqVMoRl6RQ9XyZP","On Time (with John Legend)","168920","2,82","65"
"7txGsnDSqVMoRl6RQ9XyZP","Superhero (Heroes & Villains) [with Future & Chris Brown]","182666","3,04","82"
"7txGsnDSqVMoRl6RQ9XyZP","Too Many Nights (feat. Don Toliver & with Future)","199920","3,33","85"
"7txGsnDSqVMoRl6RQ9XyZP","Raindrops (Insane) [with Travis Scott]","188586","3,14","74"
"7txGsnDSqVMoRl6RQ9XyZP","Umbrella (with 21 Savage & Young Nudy)","222000","3,7","69"
"7txGsnDSqVMoRl6RQ9XyZP","Trance (with Travis Scott & Young Thug)","194786","3,25","84"
"7txGsnDSqVMoRl6RQ9XyZP","Around Me (feat. Don Toliver)","191520","3,19","80"
"7txGsnDSqVMoRl6RQ9XyZP","Metro Spider (with Young Thug)","174560","2,91","68"
"7txGsnDSqVMoRl6RQ9XyZP","I Can't Save You (Interlude) [with Future & feat. Don Toliver]","90720","1,51","73"
"7txGsnDSqVMoRl6RQ9XyZP","Creepin' (with The Weeknd & 21 Savage)","221520","3,69","84"
"7txGsnDSqVMoRl6RQ9XyZP","Niagara Falls (Foot or 2) [with Travis Scott & 21 Savage]","207306","3,46","76"
"7txGsnDSqVMoRl6RQ9XyZP","Walk Em Down (Don't Kill Civilians) [with 21 Savage & feat. Mustafa]","310960","5,18","66"
"7txGsnDSqVMoRl6RQ9XyZP","Lock On Me (with Travis Scott & Future)","174706","2,91","65"
"7txGsnDSqVMoRl6RQ9XyZP","Feel The Fiyaaaah (with A$AP Rocky & feat. Takeoff)","189426","3,16","69"
"7txGsnDSqVMoRl6RQ9XyZP","All The Money (with Gunna) [Bonus]","167400","2,79","64"
"4iqbFIdGOTzXeDtt9owjQn","We Don't Trust You","226213","3,77","72"
"4iqbFIdGOTzXeDtt9owjQn","Young Metro","205346","3,42","74"
"4iqbFIdGOTzXeDtt9owjQn","Ice Attack","199253","3,32","67"
"4iqbFIdGOTzXeDtt9owjQn","Type Shit","228266","3,8","86"
"4iqbFIdGOTzXeDtt9owjQn","Claustrophobic","222053","3,7","61"
"4iqbFIdGOTzXeDtt9owjQn","Like That","267706","4,46","87"
"4iqbFIdGOTzXeDtt9owjQn","Slimed In","194906","3,25","62"
"4iqbFIdGOTzXeDtt9owjQn","Magic Don Juan (Princess Diana)","220733","3,68","63"
"4iqbFIdGOTzXeDtt9owjQn","Cinderella","169840","2,83","77"
"4iqbFIdGOTzXeDtt9owjQn","Runnin Outta Time","205480","3,42","63"
"4iqbFIdGOTzXeDtt9owjQn","Fried (She a Vibe)","210173","3,5","71"
"4iqbFIdGOTzXeDtt9owjQn","Ain't No Love","182840","3,05","60"
"4iqbFIdGOTzXeDtt9owjQn","Everyday Hustle","226946","3,78","72"
"4iqbFIdGOTzXeDtt9owjQn","GTA","233026","3,88","67"
"4iqbFIdGOTzXeDtt9owjQn","Seen it All","179440","2,99","58"
"4iqbFIdGOTzXeDtt9owjQn","WTFYM","292600","4,88","61"
"4iqbFIdGOTzXeDtt9owjQn","Where My Twin @ - Bonus","122786","2,05","58"
"6KT8x5oqZJl9CcnM66hddo","Intro","213253","3,55","50"
"6KT8x5oqZJl9CcnM66hddo","Bad Luck","231653","3,86","56"
"6KT8x5oqZJl9CcnM66hddo","My Bad","163973","2,73","55"
"6KT8x5oqZJl9CcnM66hddo","Better","229400","3,82","57"
"6KT8x5oqZJl9CcnM66hddo","Talk (feat. Disclosure)","197573","3,29","73"
"6KT8x5oqZJl9CcnM66hddo","Right Back","215226","3,59","57"
"6KT8x5oqZJl9CcnM66hddo","Don't Pretend","165840","2,76","55"
"6KT8x5oqZJl9CcnM66hddo","Paradise","173653","2,89","51"
"6KT8x5oqZJl9CcnM66hddo","Hundred","277080","4,62","55"
"6KT8x5oqZJl9CcnM66hddo","Outta My Head (with John Mayer)","177066","2,95","64"
"6KT8x5oqZJl9CcnM66hddo","Free Spirit","182080","3,03","57"
"6KT8x5oqZJl9CcnM66hddo","Twenty One","184200","3,07","52"
"6KT8x5oqZJl9CcnM66hddo","Bluffin'","199240","3,32","49"
"6KT8x5oqZJl9CcnM66hddo","Self","229960","3,83","49"
"6KT8x5oqZJl9CcnM66hddo","Alive","177413","2,96","50"
"6KT8x5oqZJl9CcnM66hddo","Heaven","213026","3,55","48"
"6KT8x5oqZJl9CcnM66hddo","Saturday Nights","211626","3,53","54"
"0Tu7Vpu49X7oduL2AVbKZq","Adore U","164178","2,74","56"
"0Tu7Vpu49X7oduL2AVbKZq","Everything We See","204253","3,4","51"
"0Tu7Vpu49X7oduL2AVbKZq","Altitude","158480","2,64","50"
"0Tu7Vpu49X7oduL2AVbKZq","It's All Good","208746","3,48","52"
"0Tu7Vpu49X7oduL2AVbKZq","Broken","224986","3,75","47"
"0Tu7Vpu49X7oduL2AVbKZq","Dose","239333","3,99","48"
"0Tu7Vpu49X7oduL2AVbKZq","Please Don't Fall In Love With Me","177562","2,96","61"
"0Tu7Vpu49X7oduL2AVbKZq","Breathe","170280","2,84","46"
"0Tu7Vpu49X7oduL2AVbKZq","Ground","182093","3,03","47"
"0Tu7Vpu49X7oduL2AVbKZq","Who's There To Pick Me Up","209866","3,5","44"
"0Tu7Vpu49X7oduL2AVbKZq","Tainted","183280","3,05","46"
"0Tu7Vpu49X7oduL2AVbKZq","Long Way Home","137546","2,29","46"
"0Tu7Vpu49X7oduL2AVbKZq","Heatstroke","234600","3,91","63"
"0Tu7Vpu49X7oduL2AVbKZq","Sincere","208893","3,48","48"
"0Tu7Vpu49X7oduL2AVbKZq","Owe To You","221280","3,69","48"
"0Tu7Vpu49X7oduL2AVbKZq","Decline","205200","3,42","47"
"5X7x18kW3mVIvnuNeedM6b","Moonlight","202360","3,37","64"
"5X7x18kW3mVIvnuNeedM6b","Dangerous Woman","235946","3,93","68"
"5X7x18kW3mVIvnuNeedM6b","Be Alright","179293","2,99","62"
"5X7x18kW3mVIvnuNeedM6b","Into You","244440","4,07","70"
"5X7x18kW3mVIvnuNeedM6b","Side To Side","226173","3,77","67"
"5X7x18kW3mVIvnuNeedM6b","Let Me Love You","223880","3,73","62"
"5X7x18kW3mVIvnuNeedM6b","Greedy","214880","3,58","61"
"5X7x18kW3mVIvnuNeedM6b","Leave Me Lonely","229680","3,83","58"
"5X7x18kW3mVIvnuNeedM6b","Everyday","194840","3,25","64"
"5X7x18kW3mVIvnuNeedM6b","Sometimes","226666","3,78","59"
"5X7x18kW3mVIvnuNeedM6b","I Don't Care","178026","2,97","55"
"5X7x18kW3mVIvnuNeedM6b","Bad Decisions","226426","3,77","58"
"5X7x18kW3mVIvnuNeedM6b","Touch It","260000","4,33","65"
"5X7x18kW3mVIvnuNeedM6b","Knew Better / Forever Boy","299213","4,99","58"
"5X7x18kW3mVIvnuNeedM6b","Thinking Bout You","200386","3,34","61"
"5X7x18kW3mVIvnuNeedM6b","Step On Up","180853","3,01","62"
"5X7x18kW3mVIvnuNeedM6b","Jason's Song (Gave It Away)","264640","4,41","54"
"2fYhqwDWXjbpjaIJPEfKFw","imagine","212266","3,54","70"
"2fYhqwDWXjbpjaIJPEfKFw","needy","171573","2,86","73"
"2fYhqwDWXjbpjaIJPEfKFw","NASA","182000","3,03","66"
"2fYhqwDWXjbpjaIJPEfKFw","bloodline","216893","3,61","80"
"2fYhqwDWXjbpjaIJPEfKFw","fake smile","208880","3,48","64"
"2fYhqwDWXjbpjaIJPEfKFw","bad idea","267106","4,45","68"
"2fYhqwDWXjbpjaIJPEfKFw","make up","140693","2,34","62"
"2fYhqwDWXjbpjaIJPEfKFw","ghostin","271466","4,52","70"
"2fYhqwDWXjbpjaIJPEfKFw","in my head","222946","3,72","70"
"2fYhqwDWXjbpjaIJPEfKFw","7 rings","178626","2,98","85"
"2fYhqwDWXjbpjaIJPEfKFw","thank u, next","207320","3,46","82"
"2fYhqwDWXjbpjaIJPEfKFw","break up with your girlfriend, i'm bored","190440","3,17","77"
"3euz4vS7ezKGnNSwgyvKcd","shut up","157710","2,63","60"
"3euz4vS7ezKGnNSwgyvKcd","34+35","173710","2,9","78"
"3euz4vS7ezKGnNSwgyvKcd","motive (with Doja Cat)","167989","2,8","74"
"3euz4vS7ezKGnNSwgyvKcd","just like magic","149900","2,5","67"
"3euz4vS7ezKGnNSwgyvKcd","off the table (with The Weeknd)","239949","4","65"
"3euz4vS7ezKGnNSwgyvKcd","six thirty","183874","3,06","58"
"3euz4vS7ezKGnNSwgyvKcd","safety net (feat. Ty Dolla $ign)","208457","3,47","70"
"3euz4vS7ezKGnNSwgyvKcd","my hair","158436","2,64","63"
"3euz4vS7ezKGnNSwgyvKcd","nasty","200732","3,35","68"
"3euz4vS7ezKGnNSwgyvKcd","west side","132278","2,2","64"
"3euz4vS7ezKGnNSwgyvKcd","love language","179860","3","61"
"3euz4vS7ezKGnNSwgyvKcd","positions","172324","2,87","80"
"3euz4vS7ezKGnNSwgyvKcd","obvious","146958","2,45","62"
"3euz4vS7ezKGnNSwgyvKcd","pov","201882","3,36","76"
"5EYKrEDnKhhcNxGedaRQeK","intro (end of the world)","92400","1,54","82"
"5EYKrEDnKhhcNxGedaRQeK","bye","164927","2,75","77"
"5EYKrEDnKhhcNxGedaRQeK","don't wanna break up again","174006","2,9","74"
"5EYKrEDnKhhcNxGedaRQeK","Saturn Returns Interlude","42166","0,7","62"
"5EYKrEDnKhhcNxGedaRQeK","eternal sunshine","210200","3,5","77"
"5EYKrEDnKhhcNxGedaRQeK","supernatural","163381","2,72","85"
"5EYKrEDnKhhcNxGedaRQeK","true story","163278","2,72","69"
"5EYKrEDnKhhcNxGedaRQeK","the boy is mine","173639","2,89","83"
"5EYKrEDnKhhcNxGedaRQeK","yes, and?","214994","3,58","77"
"5EYKrEDnKhhcNxGedaRQeK","we can't be friends (wait for your love)","228639","3,81","89"
"5EYKrEDnKhhcNxGedaRQeK","i wish i hated you","153633","2,56","72"
"5EYKrEDnKhhcNxGedaRQeK","imperfect for you","182566","3,04","71"
"5EYKrEDnKhhcNxGedaRQeK","ordinary things (feat. Nonna)","168500","2,81","65"
"0Oq3mWfexhsjUh0aNNBB5u","Sherane a.k.a Master Splinter’s Daughter","273640","4,56","51"
"0Oq3mWfexhsjUh0aNNBB5u","Bitch, Don’t Kill My Vibe","310720","5,18","70"
"0Oq3mWfexhsjUh0aNNBB5u","Backseat Freestyle","212653","3,54","64"
"0Oq3mWfexhsjUh0aNNBB5u","The Art of Peer Pressure","324533","5,41","56"
"0Oq3mWfexhsjUh0aNNBB5u","Money Trees","386906","6,45","85"
"0Oq3mWfexhsjUh0aNNBB5u","Poetic Justice","300160","5","70"
"0Oq3mWfexhsjUh0aNNBB5u","good kid","214120","3,57","57"
"0Oq3mWfexhsjUh0aNNBB5u","m.A.A.d city","350120","5,84","68"
"0Oq3mWfexhsjUh0aNNBB5u","Swimming Pools (Drank) - Extended Version","313786","5,23","67"
"0Oq3mWfexhsjUh0aNNBB5u","Sing About Me, I'm Dying Of Thirst","723573","12,06","59"
"0Oq3mWfexhsjUh0aNNBB5u","Real","443413","7,39","55"
"0Oq3mWfexhsjUh0aNNBB5u","Compton","248093","4,13","53"
"0Oq3mWfexhsjUh0aNNBB5u","Bitch, Don’t Kill My Vibe - Remix","278520","4,64","55"
"0Oq3mWfexhsjUh0aNNBB5u","Bitch, Don’t Kill My Vibe - International Remix / Explicit Version","305826","5,1","42"
"0hvT3yIEysuuvkK73vgdcW","wacced out murals","317092","5,28","78"
"0hvT3yIEysuuvkK73vgdcW","squabble up","157992","2,63","89"
"0hvT3yIEysuuvkK73vgdcW","luther (with sza)","177598","2,96","92"
"0hvT3yIEysuuvkK73vgdcW","man at the garden","233173","3,89","75"
"0hvT3yIEysuuvkK73vgdcW","hey now (feat. dody6)","217478","3,62","81"
"0hvT3yIEysuuvkK73vgdcW","reincarnated","275740","4,6","78"
"0hvT3yIEysuuvkK73vgdcW","tv off (feat. lefty gunplay)","220690","3,68","93"
"0hvT3yIEysuuvkK73vgdcW","dodger blue (feat. wallie the sensei, siete7x, roddy ricch)","131240","2,19","79"
"0hvT3yIEysuuvkK73vgdcW","peekaboo (feat. azchike)","155917","2,6","86"
"0hvT3yIEysuuvkK73vgdcW","heart pt. 6","292461","4,87","78"
"0hvT3yIEysuuvkK73vgdcW","gnx (feat. hitta j3, youngthreat, peysoh)","193539","3,23","72"
"0hvT3yIEysuuvkK73vgdcW","gloria (with sza)","287522","4,79","78"
"0pgPGBjDayWlzT8eAjjcKG","PK TU M'APL ?","181600","3,03","49"
"0pgPGBjDayWlzT8eAjjcKG","ALAKAZAM","185440","3,09","55"
"0pgPGBjDayWlzT8eAjjcKG","BLAKE & MORTIMER","99760","1,66","54"
"0pgPGBjDayWlzT8eAjjcKG","MA VIE D'AVANT","188466","3,14","52"
"0pgPGBjDayWlzT8eAjjcKG","LESSGUI","155693","2,59","54"
"0pgPGBjDayWlzT8eAjjcKG","LE SANG","169234","2,82","47"
"0pgPGBjDayWlzT8eAjjcKG","TORIEL - VENI VIDI VIDE","140706","2,35","53"
"0pgPGBjDayWlzT8eAjjcKG","GARÇON","144866","2,41","59"
"5k2kGcJwHBWckBy9aeKkGy","PABO","96640","1,61","48"
"5k2kGcJwHBWckBy9aeKkGy","ROUGE GORON","103680","1,73","45"
"5k2kGcJwHBWckBy9aeKkGy","MOSSY COBBLESTONE","130119","2,17","46"
"5k2kGcJwHBWckBy9aeKkGy","T3","155613","2,59","50"
"5k2kGcJwHBWckBy9aeKkGy","JOURNAL DE QUÊTES","171173","2,85","51"
"5k2kGcJwHBWckBy9aeKkGy","SEUIL","141600","2,36","49"
"5k2kGcJwHBWckBy9aeKkGy","uSQUAD","206426","3,44","49"
"5k2kGcJwHBWckBy9aeKkGy","CHÂTEAU FORT","161186","2,69","51"
"5k2kGcJwHBWckBy9aeKkGy","LOOK","104413","1,74","44"
"5k2kGcJwHBWckBy9aeKkGy","ALED","201000","3,35","57"
"6FsbmqiFXF87zjPSl4VX2k","Amour toxic","218480","3,64","64"
"6FsbmqiFXF87zjPSl4VX2k","Grand bain","207076","3,45","69"
"6FsbmqiFXF87zjPSl4VX2k","Confessions","253386","4,22","45"
"6FsbmqiFXF87zjPSl4VX2k","Toi d'abord","238320","3,97","39"
"6FsbmqiFXF87zjPSl4VX2k","Papa","242933","4,05","38"
"6FsbmqiFXF87zjPSl4VX2k","Compliqué","214813","3,58","70"
"6FsbmqiFXF87zjPSl4VX2k","Bobo au cœur","221680","3,69","60"
"6FsbmqiFXF87zjPSl4VX2k","Jure-le","152946","2,55","36"
"6FsbmqiFXF87zjPSl4VX2k","Please","239026","3,98","39"
"6FsbmqiFXF87zjPSl4VX2k","Paire d'As","247133","4,12","45"
"6FsbmqiFXF87zjPSl4VX2k","Ma vie","208893","3,48","61"
"6FsbmqiFXF87zjPSl4VX2k","Mémoire courte","220440","3,67","46"
"6FsbmqiFXF87zjPSl4VX2k","Perdu","225546","3,76","44"
"6FsbmqiFXF87zjPSl4VX2k","TPB","189413","3,16","58"
"6FsbmqiFXF87zjPSl4VX2k","Ma faute","231600","3,86","40"
"6FsbmqiFXF87zjPSl4VX2k","Je ne t'aime plus","264013","4,4","49"
"6FsbmqiFXF87zjPSl4VX2k","Normal","201893","3,36","42"
"6FsbmqiFXF87zjPSl4VX2k","Cette femme","195413","3,26","40"
"6FsbmqiFXF87zjPSl4VX2k","Promesse","202333","3,37","36"
"6FsbmqiFXF87zjPSl4VX2k","Robe","223946","3,73","51"
"0Tbzb4NTozmXoJ0nJLFpxj","Longue Vie","120973","2,02","42"
"0Tbzb4NTozmXoJ0nJLFpxj","Makila : Wablé - Version Acoustique","124293","2,07","32"
"0Tbzb4NTozmXoJ0nJLFpxj","Une semaine pour oublier...","202813","3,38","31"
"0Tbzb4NTozmXoJ0nJLFpxj","Apprends-moi !","241413","4,02","35"
"0Tbzb4NTozmXoJ0nJLFpxj","Makila : Wablé","225903","3,77","33"
"0Tbzb4NTozmXoJ0nJLFpxj","I love you","237866","3,96","37"
"0Tbzb4NTozmXoJ0nJLFpxj","TOUT essayer ?","213306","3,56","36"
"0Tbzb4NTozmXoJ0nJLFpxj","SOLD OUT !","243026","4,05","34"
"0Tbzb4NTozmXoJ0nJLFpxj","Le contrat","231213","3,85","33"
"0Tbzb4NTozmXoJ0nJLFpxj","Épouse-moi","260133","4,34","33"
"0Tbzb4NTozmXoJ0nJLFpxj","Victoria Secret","257853","4,3","32"
"0Tbzb4NTozmXoJ0nJLFpxj","LOOSE","222186","3,7","29"
"0Tbzb4NTozmXoJ0nJLFpxj","Option","248746","4,15","27"
"0Tbzb4NTozmXoJ0nJLFpxj","One Piece","250466","4,17","31"
"0Tbzb4NTozmXoJ0nJLFpxj","Bocca & Cuba Libre","425813","7,1","28"
"0Tbzb4NTozmXoJ0nJLFpxj","La vie d'un... / Ma préférée","286400","4,77","35"
"0Tbzb4NTozmXoJ0nJLFpxj","Avant l'hiver","269853","4,5","29"
"0Tbzb4NTozmXoJ0nJLFpxj","Je n'ai que toi","266973","4,45","29"
"6gFQ3NglYiCz8SrU8RZXgO","Fucked Up 3","201176","3,35","47"
"6gFQ3NglYiCz8SrU8RZXgO","Loto","189473","3,16","53"
"6gFQ3NglYiCz8SrU8RZXgO","DLVrai","135000","2,25","43"
"6gFQ3NglYiCz8SrU8RZXgO","Fais Avec","210000","3,5","38"
"6gFQ3NglYiCz8SrU8RZXgO","V&V","198008","3,3","46"
"6gFQ3NglYiCz8SrU8RZXgO","TIM€","208917","3,48","44"
"6gFQ3NglYiCz8SrU8RZXgO","BIZ","205283","3,42","37"
"6gFQ3NglYiCz8SrU8RZXgO","Sourcils Froncés","214411","3,57","41"
"6gFQ3NglYiCz8SrU8RZXgO","Un Zder, Un Thé","168695","2,81","58"
"6gFQ3NglYiCz8SrU8RZXgO","WOW","198750","3,31","44"
"6gFQ3NglYiCz8SrU8RZXgO","XS","206896","3,45","66"
"6gFQ3NglYiCz8SrU8RZXgO","L'Occasion","223255","3,72","51"
"6gFQ3NglYiCz8SrU8RZXgO","Jeune N****","262500","4,38","42"
"6gFQ3NglYiCz8SrU8RZXgO","J'aime Bien!","192000","3,2","67"
"6gFQ3NglYiCz8SrU8RZXgO","Ce soir j'achèterai un Flash","212682","3,54","48"
"6gFQ3NglYiCz8SrU8RZXgO","La Plaie","240000","4","57"
"0xGDZjmzBZfOUzn86WFPFE","Intro","147720","2,46","67"
"0xGDZjmzBZfOUzn86WFPFE","POP (feat. Guy2Bezbar)","213680","3,56","47"
"0xGDZjmzBZfOUzn86WFPFE","PLU$$$","201653","3,36","45"
"0xGDZjmzBZfOUzn86WFPFE","F̶i̶e̶s̶t̶a̶ (Interlude)","149786","2,5","40"
"0xGDZjmzBZfOUzn86WFPFE","Mort Ce soir","152786","2,55","53"
"0xGDZjmzBZfOUzn86WFPFE","L'Œil de la Joconde","189853","3,16","55"
"0xGDZjmzBZfOUzn86WFPFE","L'eau (Interlude)","138746","2,31","42"
"0xGDZjmzBZfOUzn86WFPFE","AhGars!","226093","3,77","52"
"0xGDZjmzBZfOUzn86WFPFE","Brûle","211613","3,53","55"
"0xGDZjmzBZfOUzn86WFPFE","Vaccin (feat. Sofiane Pamart)","204680","3,41","43"
"0xGDZjmzBZfOUzn86WFPFE","Ma Lady","165280","2,75","42"
"0xGDZjmzBZfOUzn86WFPFE","McQueen / Givenchy","218066","3,63","45"
"0xGDZjmzBZfOUzn86WFPFE","3ein / Risotto Gambas","265853","4,43","46"
"0xGDZjmzBZfOUzn86WFPFE","Peace, Haine, Love","241306","4,02","62"
"0xGDZjmzBZfOUzn86WFPFE","Interdit (Interlude)","142720","2,38","43"
"0xGDZjmzBZfOUzn86WFPFE","Hasta el Cielo (feat. Eazy Dew & Soleil Noir)","203253","3,39","39"
"0xGDZjmzBZfOUzn86WFPFE","La Danse de la Joie","256893","4,28","47"
"7CWl72c1sWausPdwa2C29w","Problèmes de Riche","192000","3,2","54"
"7CWl72c1sWausPdwa2C29w","50k€","188960","3,15","50"
"7CWl72c1sWausPdwa2C29w","Les Flammes","193333","3,22","53"
"7CWl72c1sWausPdwa2C29w","P.O.V.","201746","3,36","48"
"7CWl72c1sWausPdwa2C29w","Yacht & Champagne - Skit","90000","1,5","48"
"7CWl72c1sWausPdwa2C29w","Cohiba","192000","3,2","55"
"7CWl72c1sWausPdwa2C29w","CARLO","143533","2,39","54"
"7CWl72c1sWausPdwa2C29w","Cotton Club Freestyle - Remix","70813","1,18","45"
"7CWl72c1sWausPdwa2C29w","Cocktail","163400","2,72","50"
"7CWl72c1sWausPdwa2C29w","Apple Pay","149600","2,49","41"
"7CWl72c1sWausPdwa2C29w","Ailleurs","165506","2,76","64"
"7CWl72c1sWausPdwa2C29w","À feu doux...","187013","3,12","48"
"7CWl72c1sWausPdwa2C29w","Rich Music","229000","3,82","48"
"6ZINcIMQXxeGL6hvC7nG75","PAPIERS","163133","2,72","43"
"6ZINcIMQXxeGL6hvC7nG75","WALDORF ASTORIA","147613","2,46","41"
"6ZINcIMQXxeGL6hvC7nG75","BEZOS-PINAULT-BOLLORE","138240","2,3","40"
"6ZINcIMQXxeGL6hvC7nG75","DIAMANT","124906","2,08","37"
"6ZINcIMQXxeGL6hvC7nG75","NEYMAR JR","165293","2,75","55"
"6ZINcIMQXxeGL6hvC7nG75","CHAQUE JOUR DE LA SEMAINE","108946","1,82","52"
"6ZINcIMQXxeGL6hvC7nG75","PARFUM","100253","1,67","52"
"6ZINcIMQXxeGL6hvC7nG75","MPIAKA","153306","2,56","41"
"6ZINcIMQXxeGL6hvC7nG75","LA OU LE VENT NOUS MENE","112693","1,88","43"
"6ZINcIMQXxeGL6hvC7nG75","SUPER HEROS","106680","1,78","45"
"6ZINcIMQXxeGL6hvC7nG75","BUGATTI BOYS","125120","2,09","35"
"6ZINcIMQXxeGL6hvC7nG75","CAMERA","166346","2,77","36"
"6ZINcIMQXxeGL6hvC7nG75","COMME TIME BOMB","127866","2,13","35"
"6ZINcIMQXxeGL6hvC7nG75","COCAINE COWBOY","131813","2,2","36"
"6ZINcIMQXxeGL6hvC7nG75","ADN","99906","1,67","33"
"6ZINcIMQXxeGL6hvC7nG75","ULTRAMAX400","131586","2,19","35"
"6ZINcIMQXxeGL6hvC7nG75","VEHICULE ALLEMAND","126786","2,11","38"
"6ZINcIMQXxeGL6hvC7nG75","LE ZEN ET LES SEINS","130093","2,17","56"
"5ORwfRIZBQiJ1dQ2cQDIFO","phileas fogg","113093","1,88","49"
"5ORwfRIZBQiJ1dQ2cQDIFO","ishtar","122773","2,05","47"
"5ORwfRIZBQiJ1dQ2cQDIFO","bissap","128093","2,13","42"
"5ORwfRIZBQiJ1dQ2cQDIFO","bank","191213","3,19","54"
"5ORwfRIZBQiJ1dQ2cQDIFO","inspecteur gadget","130266","2,17","40"
"5ORwfRIZBQiJ1dQ2cQDIFO","beverly hills 90210","147093","2,45","45"
"5ORwfRIZBQiJ1dQ2cQDIFO","dashboard","116000","1,93","47"
"5ORwfRIZBQiJ1dQ2cQDIFO","oseille mon amour","106760","1,78","44"
"5ORwfRIZBQiJ1dQ2cQDIFO","saudade","139120","2,32","50"
"5ORwfRIZBQiJ1dQ2cQDIFO","la brique et la drogue","130573","2,18","40"
"5ORwfRIZBQiJ1dQ2cQDIFO","ekenge","128985","2,15","42"
"5ORwfRIZBQiJ1dQ2cQDIFO","alfred borden","83693","1,39","40"
"5ORwfRIZBQiJ1dQ2cQDIFO","riche nouveau monde","148040","2,47","42"
"5ORwfRIZBQiJ1dQ2cQDIFO","barcelona92","172280","2,87","67"
"5ORwfRIZBQiJ1dQ2cQDIFO","mc laren & likelemba","160533","2,68","43"
"5ORwfRIZBQiJ1dQ2cQDIFO","la haine","164720","2,75","43"
"5ORwfRIZBQiJ1dQ2cQDIFO","paire de celine","112640","1,88","40"
"5ORwfRIZBQiJ1dQ2cQDIFO","finalement riche","159666","2,66","43"
"4E2gupoqhYs5wXTxmUpqzj","Je vous dis merci","269320","4,49","27"
"4E2gupoqhYs5wXTxmUpqzj","VI République","129759","2,16","32"
"4E2gupoqhYs5wXTxmUpqzj","Clic clac bang bang","160143","2,67","53"
"4E2gupoqhYs5wXTxmUpqzj","Ce soir je sors","278880","4,65","44"
"4E2gupoqhYs5wXTxmUpqzj","Les belles histoires","236266","3,94","34"
"4E2gupoqhYs5wXTxmUpqzj","Oui ou non","249053","4,15","48"
"4E2gupoqhYs5wXTxmUpqzj","Bonne bonne","171253","2,85","38"
"4E2gupoqhYs5wXTxmUpqzj","Elles ont trop joué avec mon coeur","223453","3,72","68"
"4E2gupoqhYs5wXTxmUpqzj","Sur la file de gauche","245840","4,1","27"
"4E2gupoqhYs5wXTxmUpqzj","Shap shap","183933","3,07","24"
"4E2gupoqhYs5wXTxmUpqzj","Uber eat netflix","285746","4,76","28"
"4E2gupoqhYs5wXTxmUpqzj","Vive arsenik","159533","2,66","26"
"4E2gupoqhYs5wXTxmUpqzj","Interlude / Ma tata","116840","1,95","18"
"4E2gupoqhYs5wXTxmUpqzj","La musique vient de la cité / Fresstyle la dictatrice","276653","4,61","26"
"4E2gupoqhYs5wXTxmUpqzj","Lignac","199640","3,33","25"
"4E2gupoqhYs5wXTxmUpqzj","Repose en paix Philippe","216360","3,61","23"
"4E2gupoqhYs5wXTxmUpqzj","666","164586","2,74","29"
"4E2gupoqhYs5wXTxmUpqzj","Oh nana - Bonus track","196462","3,27","43"
"4E2gupoqhYs5wXTxmUpqzj","Nakamura - Bonus track","173564","2,89","25"
"75WnRZkxa6fotcpJgIlxUC","Je vis cette mélodie","384626","6,41","41"
"75WnRZkxa6fotcpJgIlxUC","Les artistes sont seul(e)s","236346","3,94","38"
"75WnRZkxa6fotcpJgIlxUC","Vive le gang","153293","2,55","55"
"75WnRZkxa6fotcpJgIlxUC","Tour en ville","172293","2,87","47"
"75WnRZkxa6fotcpJgIlxUC","C.M.B","268053","4,47","35"
"75WnRZkxa6fotcpJgIlxUC","Isma gère le business","177626","2,96","34"
"75WnRZkxa6fotcpJgIlxUC","Soulja Boy","185093","3,08","36"
"75WnRZkxa6fotcpJgIlxUC","Tu m'as eu","241200","4,02","46"
"75WnRZkxa6fotcpJgIlxUC","La seule qui m'aime pour de vrai","208133","3,47","55"
"75WnRZkxa6fotcpJgIlxUC","Quoi de neuf bébé","202760","3,38","65"
"75WnRZkxa6fotcpJgIlxUC","Shawty","172626","2,88","37"
"75WnRZkxa6fotcpJgIlxUC","Allons faire la fête on va mourir","201146","3,35","41"
"75WnRZkxa6fotcpJgIlxUC","Nés pauvres","354853","5,91","32"
"75WnRZkxa6fotcpJgIlxUC","Respect","256773","4,28","34"
"75WnRZkxa6fotcpJgIlxUC","Mini Star","204160","3,4","48"
"75WnRZkxa6fotcpJgIlxUC","Garde la tête haute","196880","3,28","32"
"75WnRZkxa6fotcpJgIlxUC","Tous les jours c'est samedi","182973","3,05","33"
"75WnRZkxa6fotcpJgIlxUC","Downtown","283933","4,73","34"
"5AisXJ0N4Roto7eJnamm3j","Fille à papa","187437","3,12","50"
"5AisXJ0N4Roto7eJnamm3j","Pardon Yako","220344","3,67","56"
"5AisXJ0N4Roto7eJnamm3j","MollyPop","165194","2,75","49"
"5AisXJ0N4Roto7eJnamm3j","Ma meilleure amie","215411","3,59","48"
"5AisXJ0N4Roto7eJnamm3j","Racaille Rockeur","220141","3,67","49"
"5AisXJ0N4Roto7eJnamm3j","Oh la menteuse","167063","2,78","64"
"5AisXJ0N4Roto7eJnamm3j","En apesanteur","209674","3,49","53"
"5AisXJ0N4Roto7eJnamm3j","Madonna","164313","2,74","47"
"5AisXJ0N4Roto7eJnamm3j","Go Shawty","167628","2,79","45"
"5AisXJ0N4Roto7eJnamm3j","Ce n'est que pour toi qu'il bat","228851","3,81","55"
"5AisXJ0N4Roto7eJnamm3j","Christian","191133","3,19","46"
"5AisXJ0N4Roto7eJnamm3j","C'est fou comme je l'aime","193666","3,23","48"
"5AisXJ0N4Roto7eJnamm3j","Erreur","181806","3,03","50"
"5AisXJ0N4Roto7eJnamm3j","Tu ne me manques plus","177051","2,95","45"
"6oN9dQmUhn0rRMDC1fxvgO","Pas besoin","176241","2,94","38"
"6oN9dQmUhn0rRMDC1fxvgO","Mentalité","173919","2,9","42"
"6oN9dQmUhn0rRMDC1fxvgO","Izé","237302","3,96","34"
"6oN9dQmUhn0rRMDC1fxvgO","A A A","198117","3,3","43"
"6oN9dQmUhn0rRMDC1fxvgO","La rue","216969","3,62","33"
"6oN9dQmUhn0rRMDC1fxvgO","Pas les mêmes","203360","3,39","45"
"6oN9dQmUhn0rRMDC1fxvgO","Homies","212751","3,55","36"
"6oN9dQmUhn0rRMDC1fxvgO","Colis piégés (feat. Lefa)","181595","3,03","36"
"6oN9dQmUhn0rRMDC1fxvgO","Platinum","145605","2,43","35"
"6oN9dQmUhn0rRMDC1fxvgO","260","158610","2,64","40"
"6oN9dQmUhn0rRMDC1fxvgO","Copine","199467","3,32","64"
"6oN9dQmUhn0rRMDC1fxvgO","High","198999","3,32","40"
"6oN9dQmUhn0rRMDC1fxvgO","Niveau","218113","3,64","32"
"6oN9dQmUhn0rRMDC1fxvgO","Dis-moi oui","188230","3,14","52"
"6oN9dQmUhn0rRMDC1fxvgO","Go (feat. Krisy)","193017","3,22","44"
"6oN9dQmUhn0rRMDC1fxvgO","C'est grave","206870","3,45","34"
"6oN9dQmUhn0rRMDC1fxvgO","Flamenco - Bonus Track","180507","3,01","34"
"0HCMpqJsF9hym2f4uKbfUV","Intr100000","220213","3,67","36"
"0HCMpqJsF9hym2f4uKbfUV","Un peu de haine","167506","2,79","66"
"0HCMpqJsF9hym2f4uKbfUV","Arai","195653","3,26","46"
"0HCMpqJsF9hym2f4uKbfUV","Toute l'année (feat. Timal)","198280","3,3","51"
"0HCMpqJsF9hym2f4uKbfUV","Hola","166186","2,77","60"
"0HCMpqJsF9hym2f4uKbfUV","Travailler","175546","2,93","40"
"0HCMpqJsF9hym2f4uKbfUV","Nana","160320","2,67","49"
"0HCMpqJsF9hym2f4uKbfUV","Meilleur cauchemar","199480","3,32","43"
"0HCMpqJsF9hym2f4uKbfUV","Tout recommencer (feat. Tessa B)","227680","3,79","62"
"0HCMpqJsF9hym2f4uKbfUV","V2V","204960","3,42","38"
"0HCMpqJsF9hym2f4uKbfUV","Corazon (feat. Aladin 135)","195680","3,26","38"
"0HCMpqJsF9hym2f4uKbfUV","Le P","192093","3,2","36"
"0HCMpqJsF9hym2f4uKbfUV","Ma génération","200893","3,35","41"
"0HCMpqJsF9hym2f4uKbfUV","Mental","177720","2,96","44"
"0HCMpqJsF9hym2f4uKbfUV","Problèmes","189346","3,16","66"
"0HCMpqJsF9hym2f4uKbfUV","Cartelo (feat. Maes)","161093","2,68","47"
"0HCMpqJsF9hym2f4uKbfUV","RS3","149613","2,49","40"
"0HCMpqJsF9hym2f4uKbfUV","TT","203053","3,38","42"
"0HCMpqJsF9hym2f4uKbfUV","Temps perdu","185026","3,08","42"
